Wall time,Step,Value
1560000897.2560422,0,-16.614286422729492
1560009542.4857771,1,-1.1428571939468384
1560016588.6065762,2,11.2380952835083
1560023348.910038,3,14.723403930664062
1560030730.1026242,4,16.760000228881836
1560038384.5670645,5,16.244897842407227
1560046023.817586,6,17.39215660095215
1560053809.8482144,7,17.3137264251709
1560061401.1408963,8,17.901960372924805
1560069018.3873441,9,18.132076263427734
